Date,Title,Budget,URL,Description
2026-02-22T17:07:00.707Z,Full Stuck Developer Required to Upgrade GenBI Solution,"$3,000.00",https://www.upwork.com/jobs/Full-Stuck-Developer-Required-Upgrade-GenBI-Solution_~022025618336615949118/?referrer_url_path=/nx/search/jobs/,"GenBI is an end-to-end Generative Business Intelligence platform that allows organizations to connect their databases, enrich the schema with business context, and interact with their data through nat..."
2026-02-22T14:46:46.545Z,Build No-Code AI Agent for Email Automation Workflow,$150.00,https://www.upwork.com/jobs/Build-Code-span-class-highlight-span-span-class-highlight-Agent-span-for-Email-Automation-Workflow_~022025583045347000569/?referrer_url_path=/nx/search/jobs/,"Job Description:  Looking for someone to help us build a no-code AI agent to support our email automation process.  This is a one-off project, with potential for ongoing work if it‚Äôs a good fit.  Goal..."
2026-02-22T14:13:24.221Z,AVA app upgrade and MVP prep,"$3,000.00",https://www.upwork.com/jobs/AVA-app-upgrade-and-MVP-prep_~022025574646717923912/?referrer_url_path=/nx/search/jobs/,"AVA Digital Services ‚Äî MVP Development Team Contract Engagement | Fixed-Price | Mobile + Backend + Design  Classification: Public ‚Äî Job Posting Contract Type: Fixed-Price, Milestone-Based Team Locatio..."
2026-02-22T11:22:07.438Z,"AI Agent Developer (ML, LLMs, Applied Reinforcement Learning)",$800.00,https://www.upwork.com/jobs/span-class-highlight-span-span-class-highlight-Agent-span-Developer-LLMs-Applied-Reinforcement-Learning_~022025531542856552050/?referrer_url_path=/nx/search/jobs/,"Project Overview:  We are looking for a highly skilled AI Engineer (Master‚Äôs or PhD background preferred) to build a robust, autonomous AI agent.  This project goes beyond simple API wrappers and basi..."
2026-02-22T10:09:12.732Z,Forward Deployed AI Engineer for B2B Tech Solutions,"$1,000.00",https://www.upwork.com/jobs/Forward-Deployed-span-class-highlight-span-Engineer-for-B2B-Tech-Solutions_~022025513194187440712/?referrer_url_path=/nx/search/jobs/,Build Agentic GTM Systems for Sophisticated B2B Tech Companies  We‚Äôre building AI-native GTM systems for B2B tech companies ($5M‚Äì$50M ARR).  This is not a prompt engineering gig. This is not a chatbot...
2026-02-22T08:14:12.087Z,Telemedicine Web & Mobile App Development with Complete AI Integration,$900.00,https://www.upwork.com/jobs/Telemedicine-Web-amp-Mobile-App-Development-with-Complete-span-class-highlight-span-Integration_~022025484250965698919/?referrer_url_path=/nx/search/jobs/,We are seeking skilled developers to create a telemedicine web application and mobile app with AI integration. The project will involve designing intuitive front-end interfaces for both platforms and ...
2026-02-22T06:34:12.657Z,Openclaw expert,$300.00,https://www.upwork.com/jobs/Openclaw-expert_~022025459087378968674/?referrer_url_path=/nx/search/jobs/,"Hello!  We're looking for someone who is an expert in AI, Claude, OpenClaw and similar tools to help us with a few automations.  We're a company who is in eCom services and we want to automate a few o..."
2026-02-22T06:16:31.328Z,"Rust, WASM, Agent development, OpenClaw Clone",$900.00,https://www.upwork.com/jobs/Rust-WASM-Agent-development-OpenClaw-Clone_~022025454635707505636/?referrer_url_path=/nx/search/jobs/,"OpenClaw (Rust) ‚Äî AI Gateway    What is OpenClaw (in simple terms)? OpenClaw is a AI gateway that connects chat applications and AI agents, with supporting features such as scheduling (cron jobs), wor..."
2026-02-22T04:59:23.432Z,Commission-Only Job Hunter Needed to help landing a 6-Figure Remote Tech Role in the US,"$2,000.00",https://www.upwork.com/jobs/Commission-Only-Job-Hunter-Needed-help-landing-Figure-Remote-Tech-Role-the_~022025435224747658618/?referrer_url_path=/nx/search/jobs/,"About the Client üë®‚Äçüíª  Senior Software Engineer and Software Architect with 10+ years of experience in the US technology market. He has steadily grown in role, responsibility, and compensation ‚Äî moving..."
2026-02-22T03:08:07.610Z,Build an AI-Powered Email Response & Automation System (Make.com / Airtable / Claude API / Front),"$3,500.00",https://www.upwork.com/jobs/Build-Powered-Email-Response-amp-span-class-highlight-Automation-span-System-Make-com-Airtable-span-class-highlight-Claude-span-span-class-highlight-API-span-Front_~022025407224966857288/?referrer_url_path=/nx/search/jobs/,"We send ~2,000 cold outreach emails per week and need a system to intelligently handle the 100‚Äì200 inbound replies this generates each week. The system classifies each reply (9 types), routes it appro..."
2026-02-22T02:28:25.371Z,Senior Engineer ‚Äì Build AI Execution Browser (Electron + Chromium + Extension + Agent Runtime),"$10,000.00",https://www.upwork.com/jobs/Senior-Engineer-Build-span-class-highlight-span-Execution-Browser-Electron-Chromium-Extension-span-class-highlight-Agent-span-Runtime_~022025397232891875373/?referrer_url_path=/nx/search/jobs/,Overview  We‚Äôre building Pixis Browser ‚Äî an execution-first AI browser.  This is NOT a chat browser or summarization tool. It is a structured task execution runtime embedded inside a Chromium wrapper....
2026-02-22T00:58:16.811Z,"AI Systems Architect: Multi-Source Meeting Memory Sync (Fathom, Gemini, Limitless API)",$450.00,https://www.upwork.com/jobs/Systems-Architect-Multi-Source-Meeting-Memory-Sync-Fathom-Gemini-Limitless-span-class-highlight-API-span_~022025374547406975074/?referrer_url_path=/nx/search/jobs/,"I'm the CEO of a fast-growing real estate company. I need a senior automation specialist to build a ""Corporate Brain"" ‚Äî a system that captures every meeting I have and feeds it into a structured Airta..."
2026-02-21T22:31:56.809Z,Base44,"$2,500.00",https://www.upwork.com/jobs/Base44_~022025337721693293321/?referrer_url_path=/nx/search/jobs/,"To develop a solution, preferably on base 44 to save time. It is a permission/authorization/verified solution to ensure signatures are given when kids go on trips etc..."
2026-02-21T22:15:13.206Z,AI Operations Assistant for Short-Term Rental Business (n8n + APIs),$450.00,https://www.upwork.com/jobs/span-class-highlight-span-Operations-Assistant-for-Short-Term-Rental-Business-n8n-APIs_~022025333512193754758/?referrer_url_path=/nx/search/jobs/,We are building an AI-powered operations assistant for a short-term rental business (multiple properties). The system will run through n8n and integrate with:  - WhatsApp (guest communication) - Guest...
2026-02-21T20:58:52.362Z,AI Integration Project Manager,"$2,000.00",https://www.upwork.com/jobs/span-class-highlight-span-Integration-Project-Manager_~022025314298720102138/?referrer_url_path=/nx/search/jobs/,"The project aims to develop a unified AI interface for an automotive garage to centralize all data from its various tools: ERP, email, document management system, expert/insurer portals, and Excel fil..."
2026-02-21T19:03:34.186Z,Python Developer Needed ‚Äî Fire Scanner Monitoring & SMS Alert System,"$1,000.00",https://www.upwork.com/jobs/Python-Developer-Needed-Fire-Scanner-Monitoring-SMS-Alert-System_~022025285281545886305/?referrer_url_path=/nx/search/jobs/,"Timeline: 2 weeks  ---  ABOUT THE PROJECT  I need a fully functional Python application that monitors live public Broadcastify scanner streams (fire/EMS), transcribes audio in real time, and sends SMS..."
2026-02-21T10:06:08.621Z,Make.com Expert: Automate AI Image Pipeline (JSON ‚û°Ô∏è Nano Banana ‚û°Ô∏è Placid),$100.00,https://www.upwork.com/jobs/Make-com-Expert-span-class-highlight-Automate-span-Image-Pipeline-JSON-Nano-Banana-Placid_~022025150034025263374/?referrer_url_path=/nx/search/jobs/,"We are looking for a Make.com expert to build a robust image generation pipeline. We have a content-creation system that outputs structured JSON, and we need to automate the visual execution.  The Wor..."
2026-02-21T05:02:28.460Z,Install Clawbot on VPS (with Tailscale Security) With LLM Browser Capability+ Configure 4 AI Agents,$300.00,https://www.upwork.com/jobs/Install-Clawbot-VPS-with-Tailscale-Security-With-LLM-Browser-Capability-Configure-Agents_~022025073613067238990/?referrer_url_path=/nx/search/jobs/,"I am looking for an experienced AI automation engineer to properly install and configure Clawbot on my VPS (Ubuntu) with secure Tailscale networking, integrate native Browser/LLM browser capabilities ..."
2026-02-21T04:11:55.822Z,Need Agent Developer to install Openclaw,$500.00,https://www.upwork.com/jobs/Need-Agent-Developer-install-Openclaw_~022025060893368322736/?referrer_url_path=/nx/search/jobs/,I want to install openclaw on my linux vps. I want to use ollama model. The ideal candidate will have a deep understanding of Openclaw and prove his work experience.  If you have the right skills and ...
2026-02-20T19:03:29.645Z,Shadow Marketplace,"$2,500.00",https://www.upwork.com/jobs/Shadow-Marketplace_~022024922874447465136/?referrer_url_path=/nx/search/jobs/,"Hey I'm the co founder of Shadow, a marketplace where traders/investors publish their trading strategies/model portfolios and users can subscribe via automated trading.  I'm not a developer, but I've ..."
2026-02-20T18:20:56.479Z,Senior Magento 2 Backend Developer: Customizing Mirasvit AI Assistant (Vision API & Image Gen),$300.00,https://www.upwork.com/jobs/Senior-Magento-Backend-Developer-Customizing-Mirasvit-Assistant-Vision-span-class-highlight-API-span-amp-Image-Gen_~022024912165968935241/?referrer_url_path=/nx/search/jobs/,"Project Overview: We are an established apparel e-commerce brand, running on Magento 2. We are utilizing the Mirasvit GPT AI Assistant & Content Generator.  We need an expert Magento 2 developer to bu..."
2026-02-20T18:00:16.437Z,Set Up OpenClaw Autonomous AI System on Mac Mini (Cost-Optimized Setup),$120.00,https://www.upwork.com/jobs/Set-OpenClaw-Autonomous-System-Mac-Mini-Cost-Optimized-Setup_~022024906965079100080/?referrer_url_path=/nx/search/jobs/,"I‚Äôm looking for an experienced AI/automation engineer to set up a lean, cost-optimized OpenClaw system on my Mac Mini M1 (8GB RAM / 256GB SSD).  The goal is to run a 24/7 AI-powered workflow locally, ..."
2026-02-20T14:40:50.312Z,"Next.js + Supabase + Stripe Developer ‚Äî SaaS Builder, startup pace, AI prototypes to production","$4,000.00",https://www.upwork.com/jobs/Next-Supabase-Stripe-Developer-SaaS-Builder-startup-pace-prototypes-production_~022024856774983678281/?referrer_url_path=/nx/search/jobs/,"We're a small, fast-moving team building SaaS products. No corporate culture, no endless meetings, no bureaucracy. We move fast, we ship, and we expect the same from the people we work with. What the ..."
2026-02-20T11:34:18.843Z,"AI engineer for Education curriculum Automation (Claude, LLM, RAG)","$3,000.00",https://www.upwork.com/jobs/engineer-for-Education-curriculum-span-class-highlight-Automation-span-span-class-highlight-Claude-span-LLM-RAG_~022024809835187325734/?referrer_url_path=/nx/search/jobs/,"We‚Äôre an education company and we need someone to build an automation system that turns our raw coursebook Word files into a full production package: corrected and completed coursebooks, Tutor and Stu..."
2026-02-20T04:34:10.442Z,Multi-Agent Customer Support Automation,"$3,000.00",https://www.upwork.com/jobs/Multi-Agent-Customer-Support-span-class-highlight-Automation-span_~022024704103460656271/?referrer_url_path=/nx/search/jobs/,"Multi-Agent Customer Support Automation Global SaaS Company  The Project We need a production-ready, multi-agent AI support system that handles 100% of first-line customer support across WhatsApp, Dis..."
2026-02-20T04:31:42.177Z,"Content Creation & Distribution Manager, AI automation case study to multi-platform publishing","$1,000.00",https://www.upwork.com/jobs/Content-Creation-amp-Distribution-Manager-span-class-highlight-automation-span-case-study-multi-platform-publishing_~022024703481404991451/?referrer_url_path=/nx/search/jobs/,"Overview I run a B2B AI automation consultancy with a documented, functional waterfall system that converts completed client projects into portfolio case studies, YouTube videos, digital products, and..."
2026-02-19T18:51:09.291Z,LLM Fine-Tuning Engineer Needed ‚Äì Autism Support AI Tool,$750.00,https://www.upwork.com/jobs/LLM-Fine-Tuning-Engineer-Needed-Autism-Support-span-class-highlight-span-Tool_~022024557381834729074/?referrer_url_path=/nx/search/jobs/,I‚Äôm building an AI-powered support tool specifically for autism parents. The tool is connected to OpenAI‚Äôs GPT-4o API and currently gives responses that are too generic. I need an experienced ML/LLM e...
2026-02-19T18:19:17.590Z,"Whatsapp based AI Agent to Compare Prices Across Zepto, Blinkit, Amazon etc & Auto-Order Groceries",$100.00,https://www.upwork.com/jobs/Whatsapp-based-span-class-highlight-span-span-class-highlight-Agent-span-Compare-Prices-Across-Zepto-Blinkit-Amazon-etc-amp-Auto-Order-Groceries_~022024549363568091499/?referrer_url_path=/nx/search/jobs/,"We are building an AI Grocery Assistant that compares prices across multiple grocery apps (Zepto, Blinkit, Swiggy Instamart, Amazon, Country Delight, etc.) and automatically places orders after user c..."
2026-02-19T16:47:12.862Z,Offline LLM,$250.00,https://www.upwork.com/jobs/Offline-LLM_~022024526191081653978/?referrer_url_path=/nx/search/jobs/,"OfflineLLM ‚Äî Developer Needed to Complete Secure, Portable Offline AI Desktop App  I am building Offline LLM, a fully offline, portable AI desktop application that runs on USB drive without installati..."
2026-02-19T16:44:32.624Z,Full-Stack Developer for AI-Powered Data Platform,"$2,500.00",https://www.upwork.com/jobs/Full-Stack-Developer-for-Powered-Data-Platform_~022024525518994497196/?referrer_url_path=/nx/search/jobs/,"4,638 characters ‚Äî under the limit. Here's the final version:  Full-Stack Developer ‚Äî AI-Powered Data Platform (Next.js + Python + VPS Infrastructure) We're building a data-intensive web platform that..."
2026-02-19T16:31:03.622Z,ML Backend Vocal Separation (V1),"$1,000.00",https://www.upwork.com/jobs/Backend-Vocal-Separation_~022024522125605701338/?referrer_url_path=/nx/search/jobs/,1. General objective Create an automated ML backend allowing to separate an audio file into: voice only (vocal stem) = main output instrumental = optional output (useful for debug / future) The backen...
2026-02-19T14:30:28.760Z,AI Engineer ‚Äì Multimodal RAG for Management Accounting (MVP),$300.00,https://www.upwork.com/jobs/span-class-highlight-span-Engineer-Multimodal-RAG-for-Management-Accounting-MVP_~022024491780597621099/?referrer_url_path=/nx/search/jobs/,"Job Posting: AI Engineer ‚Äì Multimodal RAG for Management Accounting (MVP) The Goal Build a high-performance, multimodal RAG chatbot that acts as a specialist for Management Accounting (Internes Rechnu..."
2026-02-19T09:54:03.615Z,Senior AI Engineer: Enterprise RAG & Autonomous Agents,$250.00,https://www.upwork.com/jobs/Senior-span-class-highlight-span-Engineer-Enterprise-RAG-amp-span-class-highlight-Autonomous-span-span-class-highlight-Agents-span_~022024422217340046226/?referrer_url_path=/nx/search/jobs/,"This position has been filled. Thank you for your interest, but we are no longer accepting applications.  Architect a custom intelligence layer. We need Autonomous Agents‚Äînot just chatbots‚Äîcapable of ..."
2026-02-19T09:22:45.071Z,AI Agent Engineer for Autonomous Marketing Systems,$800.00,https://www.upwork.com/jobs/span-class-highlight-span-span-class-highlight-Agent-span-Engineer-for-span-class-highlight-Autonomous-span-Marketing-Systems_~022024414338632100264/?referrer_url_path=/nx/search/jobs/,"We are looking for an experienced AI engineer to build an autonomous marketing agent designed for a B2B SaaS environment. The system should continuously analyze marketing data, generate campaign ideas..."
2026-02-19T09:17:55.698Z,Magento 2 expert,$600.00,https://www.upwork.com/jobs/Magento-expert_~022024413124409266466/?referrer_url_path=/nx/search/jobs/,Magento 2 Expert (with Odoo Integration Experience) ‚Äì Urgent Technical Support + ETL + AI Content + Monthly Maintenance Important clarification:   We are NOT migrating from Magento to Odoo. Magento 2 ...
2026-02-19T07:59:00.273Z,Setup OpenClaw to develop designs from Figma into Wix Studio,$200.00,https://www.upwork.com/jobs/Setup-span-class-highlight-OpenClaw-span-develop-designs-from-Figma-into-Wix-Studio_~022024347417608003872/?referrer_url_path=/nx/search/jobs/,Read the title and let me know the best way to approach this with openclaw - then we can scope/price...
2026-02-19T07:58:00.255Z,AI Girlfriend,$400.00,https://www.upwork.com/jobs/span-class-highlight-span-Girlfriend_~022024347239731765536/?referrer_url_path=/nx/search/jobs/,"AI Companion ‚Äî Multilingual Conversational Agent  PROJECT OVERVIEW  We are looking to build a human-like AI conversational companion ‚Äî a real-time talking agent that can engage users in deep, natural,..."
2026-02-19T07:51:00.529Z,AI Receptionist Bot Development for Small Businesses,$150.00,https://www.upwork.com/jobs/Receptionist-Bot-Development-for-Small-Businesses_~022024390730611647927/?referrer_url_path=/nx/search/jobs/,"We are seeking a skilled developer to create AI receptionist bots using n8n, Make, and Go High Level tailored for small businesses such as barbershops, wellness centers, and restaurants. The ideal can..."
2026-02-19T07:27:00.532Z,AI Voice Receptionist for Call Handling and Meeting Scheduling,$300.00,https://www.upwork.com/jobs/Voice-Receptionist-for-Call-Handling-and-Meeting-Scheduling_~022024383089431137706/?referrer_url_path=/nx/search/jobs/,We are seeking someone to either BUILD or IMPLEMENT using a white labelled solution an AI Voice Receptionist to efficiently manage incoming calls and schedule appointments. We would prefer if to use a...
2026-02-19T05:30:46.193Z,Web Developer Needed: AI Quiz Platform with Stripe Integration,"$5,000.00",https://www.upwork.com/jobs/Web-Developer-Needed-Quiz-Platform-with-Stripe-Integration_~022024355958030456837/?referrer_url_path=/nx/search/jobs/,"# Web Developer Needed: AI Quiz Platform with Stripe Integration  ## Project Details - **Type:** Fixed Price - **Budget:** $5,000 - $9000 USD - **Timeline:** 6-8 weeks - **Start:** Within 2 weeks  ---..."
2026-02-19T04:27:00.628Z,AI-Driven Sales Outreach Automation for Mortgage Sector,$250.00,https://www.upwork.com/jobs/Driven-Sales-Outreach-Automation-for-Mortgage-Sector_~022024338460037272719/?referrer_url_path=/nx/search/jobs/,We are seeking an experienced freelancer to develop an AI-powered sales outreach automation system focused on email and SMS marketing for the mortgage industry.  We currently have a sizeable list of l...
2026-02-19T03:28:00.085Z,Develop Virtual Receptionist / Appointment Booking Agent (Voice + LLM),$500.00,https://www.upwork.com/jobs/Develop-Virtual-Receptionist-Appointment-Booking-span-class-highlight-Agent-span-Voice-LLM_~022024313091794786309/?referrer_url_path=/nx/search/jobs/,"Look at the attached document for more details.  We need to build a virtual receptionist voice agent that answers inbound phone calls and helps customers book, reschedule, or cancel appointments. This..."
2026-02-19T03:27:00.628Z,Looking for an AI Automation expert,$600.00,https://www.upwork.com/jobs/Looking-for-Automation-expert_~022024319331467197920/?referrer_url_path=/nx/search/jobs/,"Job Description We are an ecommerce performance marketing company, and we are looking for a smart, fast, and detail oriented AI automation engineer who can turn our automation ideas into production re..."
2026-02-19T01:04:25.559Z,AI Software Development for Education Consultant Services,$200.00,https://www.upwork.com/jobs/span-class-highlight-span-Software-Development-for-Education-Consultant-Services_~022024288930898039951/?referrer_url_path=/nx/search/jobs/,"We are seeking a skilled developer to create AI software that automates the application process for offer letters, scholarships, and visa filing targeted towards education consultants. The ideal candi..."
2026-02-19T00:45:05.221Z,AI Article Generator Platform Development,"$1,000.00",https://www.upwork.com/jobs/span-class-highlight-span-Article-Generator-Platform-Development_~022024284063878798363/?referrer_url_path=/nx/search/jobs/,"Please contact us only if you have done something similar.  We are building an AI‚Äëpowered article generation system with a clean dashboard interface for managing multiple websites, uploading keyword l..."
2026-02-18T21:24:59.465Z,Build an AI Chatbot + n8n Automation Workflow Using Claude Code & Anthropic API,$100.00,https://www.upwork.com/jobs/Build-Chatbot-n8n-Automation-Workflow-Using-Claude-Code-Anthropic-API_~022024233707940065869/?referrer_url_path=/nx/search/jobs/,"I need a developer to build an AI-powered chatbot integrated with n8n automation workflows. The chatbot should handle customer inquiries, qualify leads, and trigger automated follow-up sequences. The ..."
2026-02-18T20:08:04.529Z,Gorgias AI Automation Setup and Refinement Specialist,$300.00,https://www.upwork.com/jobs/Gorgias-Automation-Setup-and-Refinement-Specialist_~022024214351817857029/?referrer_url_path=/nx/search/jobs/,We are seeking a skilled freelancer to assist us in setting up and refining Gorgias AI automation for three of our brands. The ideal candidate will have experience with ticket automation processes to ...
2026-02-18T19:35:41.347Z,ML/ AI EXPERT URGENT PROJECt,"$3,000.00",https://www.upwork.com/jobs/span-class-highlight-span-EXPERT-URGENT-PROJECt_~022024206201509238789/?referrer_url_path=/nx/search/jobs/,I want an AI-based trading card grading system using images from a fixed sensor (not mobile or scanner). The system should analyze trading cards and give a final grade from 1‚Äì10 (whole numbers only) b...
2026-02-18T19:15:22.845Z,Develop a Custom Bot for Automated Instagram Video Posting,$100.00,https://www.upwork.com/jobs/Develop-Custom-Bot-for-Automated-Instagram-Video-Posting_~022024201090732326368/?referrer_url_path=/nx/search/jobs/,"Description:  I'm seeking a skilled developer to create a bot that can automate video postings on Instagram using a character of my choosing. The bot should be user-friendly, allowing easy integration..."
2026-02-18T18:04:35.863Z,OpenClaw AI Bot Building,"$10,000.00",https://www.upwork.com/jobs/OpenClaw-Bot-Building_~022024183277257677851/?referrer_url_path=/nx/search/jobs/,"In the past three weeks, we have heard of OpenClaw, and so far this has been a game changer for us. We have been able to create lots of bots that help us within our business and our operations, and we..."
2026-02-18T17:25:00.979Z,AI Engineer ‚Äì Secure Transaction Verification & Auto-Categorization (Fabric + LLM),"$10,000.00",https://www.upwork.com/jobs/span-class-highlight-span-Engineer-Secure-Transaction-Verification-amp-Auto-Categorization-Fabric-LLM_~022024168445057899009/?referrer_url_path=/nx/search/jobs/,"We are building the AI core for a next-generation bookkeeping platform that automatically verifies transactions, matches receipts/documents, and categorizes them to the Chart of Accounts ‚Äî safely, sca..."
2026-02-18T15:42:37.984Z,LiveKit voice agent,$100.00,https://www.upwork.com/jobs/LiveKit-voice-span-class-highlight-agent-span_~022024147550846454620/?referrer_url_path=/nx/search/jobs/,"I have a very developed livekit voice agent, constructed mainly on python, I need some help with some final functions, need someone with previous experience in AI integrations and python and best in l..."
2026-02-18T13:31:40.777Z,Require Camera AI Expert Developer,$100.00,https://www.upwork.com/jobs/Require-Camera-span-class-highlight-span-Expert-Developer_~022024114595103889413/?referrer_url_path=/nx/search/jobs/,"Camera AI Expert Developer for Edge AI Algorithms (Small Initial Project, Long-Term Potential)  Job Description:  We're building an innovative system with 20-25 custom Camera AI algorithms focused on ..."
2026-02-18T13:19:39.869Z,Full-Stack TypeScript Developer ‚Äî private AI shopping Agent (Claude API + WhatsApp + Shopify),$800.00,https://www.upwork.com/jobs/Full-Stack-TypeScript-Developer-private-span-class-highlight-span-shopping-span-class-highlight-Agent-span-span-class-highlight-Claude-span-API-WhatsApp-Shopify_~022024111571653389363/?referrer_url_path=/nx/search/jobs/,We‚Äôre building a complete Private AI-powered skincare shopping agent for our e-commerce store. The agent helps customers find the right pharmacy products through an intelligent conversational interfac...
2026-02-18T13:00:19.613Z,Voice AI and Text AI SaaS that integrates with Go High Level,"$1,000.00",https://www.upwork.com/jobs/Voice-and-Text-SaaS-that-integrates-with-High-Level_~022024106705539697500/?referrer_url_path=/nx/search/jobs/,The platform enables agencies to connect multiple GHL sub-accounts (locations) and deploy AI-powered assistants across three channels:  Voice AI ‚Äî AI-powered phone receptionist that answers inbound ca...
2026-02-18T11:59:44.820Z,Looking for AI Agent that can automatically Create and Run Meta ads,$500.00,https://www.upwork.com/jobs/Looking-for-Agent-that-can-automatically-Create-and-Run-Meta-ads_~022024091459706886657/?referrer_url_path=/nx/search/jobs/,"Looking for absolute Expert in the AI Agent space that can create AI agents that   Create Meta ads Set up campaign  just by typing target audience, uploading the creative  than ai agent should be crea..."
2026-02-18T11:13:55.114Z,AI-Powered Campaign Creative Generator,$200.00,https://www.upwork.com/jobs/span-class-highlight-span-Powered-Campaign-Creative-Generator_~022024079926640956559/?referrer_url_path=/nx/search/jobs/,We are looking for an experienced AI/ML developer to build an AI-powered campaign creative generation system.  Project Overview: End users will select an ‚ÄúAI Campaign‚Äù option inside our platform. Base...
2026-02-18T08:27:00.571Z,AI OpenClaw Expert,$200.00,https://www.upwork.com/jobs/span-class-highlight-OpenClaw-span-Expert_~022024250725623257093/?referrer_url_path=/nx/search/jobs/,"We are looking for an experienced AI OpenClaw Expert to develop and optimize an AI-powered OpenClaw system. The project involves integrating computer vision, machine learning, and real-time automation..."
2026-02-18T08:02:52.944Z,RAG System Developer ‚Äî AI-Powered Document Knowledge Base,"$2,000.00",https://www.upwork.com/jobs/RAG-System-Developer-Powered-Document-Knowledge-Base_~022024031850550475826/?referrer_url_path=/nx/search/jobs/,RAG System Developer ‚Äî AI-Powered Document Knowledge Base Fixed Price | Estimated 15‚Äì20 hours | Start Immediately   Project Overview We are property insurance claims experts building an internal AI kn...
2026-02-18T08:00:10.591Z,Voice AI Agent Development for Recruitment,"$5,000.00",https://www.upwork.com/jobs/Voice-span-class-highlight-span-span-class-highlight-Agent-span-Development-for-Recruitment_~022024031169727196211/?referrer_url_path=/nx/search/jobs/,"We are seeking a skilled developer to create a Voice AI agent tailored for the recruitment process. This agent should be capable of conducting initial interviews, answering candidate queries, and prov..."
2026-02-18T06:25:00.982Z,"QUICK HIRE: Agent Development, build a OpenClaw alternative in Rust",$600.00,https://www.upwork.com/jobs/QUICK-HIRE-Agent-Development-build-span-class-highlight-OpenClaw-span-alternative-Rust_~022024006235906927667/?referrer_url_path=/nx/search/jobs/,"What is a OpenClaw, in simple words: It is a self-hosted gateway that connects your chat apps with a few additional features like cron jobs etc.    You must  - be very skilled in using AI for developm..."
2026-02-17T23:46:29.668Z,Help me set up OpenClaw AI agent on Hostinger VPS (Zoom session),$100.00,https://www.upwork.com/jobs/Help-set-span-class-highlight-OpenClaw-span-agent-Hostinger-VPS-Zoom-session_~022023906930727787009/?referrer_url_path=/nx/search/jobs/,"Looking for an experienced Linux/VPS developer to help me finish setting up OpenClaw on a Hostinger VPS. I've been following this tutorial and got about halfway through, and need help trouble shooting..."
2026-02-17T20:41:52.938Z,AI Engine Developer for SEO & Ads Optimization,"$10,000.00",https://www.upwork.com/jobs/Engine-Developer-for-SEO-Ads-Optimization_~022023860471419258230/?referrer_url_path=/nx/search/jobs/,We are seeking an experienced AI engine developer to configure OpenClaw or AI agents aimed at enhancing our organic SEO and managing paid ad campaigns. The ideal candidate will have a strong backgroun...
2026-02-17T18:50:25.392Z,AI Agent Development Team Required,$500.00,https://www.upwork.com/jobs/span-class-highlight-span-span-class-highlight-Agent-span-Development-Team-Required_~022023832421940106657/?referrer_url_path=/nx/search/jobs/,"We are looking for an experienced freelancer to assist in developing a specialized team of AI agents tailored for our projects. The ideal candidate will have a strong background in AI technologies, te..."
2026-02-17T16:49:41.326Z,Real Estate A Website - Senior Developer Support,$100.00,https://www.upwork.com/jobs/Real-Estate-Website-Senior-Developer-Support_~022023802037984873831/?referrer_url_path=/nx/search/jobs/,"The Project I need a Senior Full-Stack Developer with a high-end sense of AI integration for a quick project. This is a specific, high-impact task for an AI-powered real estate platform.  Requirements..."
2026-02-17T16:47:23.897Z,One-Time GoHighLevel Setup + Website/Booking Automation for Cleaning Business (Toronto/GTA),$367.00,https://www.upwork.com/jobs/One-Time-GoHighLevel-Setup-Website-Booking-span-class-highlight-Automation-span-for-Cleaning-Business-Toronto-GTA_~022023801461695690444/?referrer_url_path=/nx/search/jobs/,I need a reliable expert to TAKE OVER an existing GoHighLevel (GHL/HighLevel) + BookingKoala setup and get it working end‚Äëto‚Äëend for my home service business (AmberMount ‚Äî Toronto/GTA).  This is NOT a...
2026-02-17T15:58:48.807Z,DevOps consulting needed to support Database Migration,$300.00,https://www.upwork.com/jobs/DevOps-consulting-needed-support-Database-Migration_~022023789234792630275/?referrer_url_path=/nx/search/jobs/,"*Title:*Lovable Migration,  Migrate Frontend to Cloudflare, Backend to Supabase & Set Up CI/CD Pipeline (GitHub Actions + CircleCI)  *Job Summary*  We need an experienced developer to help us migrate ..."
2026-02-17T14:40:49.870Z,Stable Diffusion Expert to Train F1 Caricature Style LoRA + Deploy Cloud Tool (Local-Ready,"$1,200.00",https://www.upwork.com/jobs/Stable-Diffusion-Expert-Train-Caricature-Style-LoRA-Deploy-Cloud-Tool-Local-Ready_~022023769609674505271/?referrer_url_path=/nx/search/jobs/,Overview We are a UK-based personalised gifting company building an internal AI tool to generate high-quality F1-style caricatures from customer photos. We currently use cloud AI tools but are now mov...
2026-02-17T14:16:31.242Z,GoHighLevel Native AI Appointment Setter,$250.00,https://www.upwork.com/jobs/GoHighLevel-Native-span-class-highlight-span-Appointment-Setter_~022023763492097743341/?referrer_url_path=/nx/search/jobs/,"We‚Äôre looking for a GoHighLevel AI automation expert to build, configure, and optimize a native GHL AI voice agent for Medicare appointment setting.  This is not a basic bot setup. The goal is a natur..."
2026-02-17T13:33:26.391Z,AI Voice Automation and Email Management Specialist,$100.00,https://www.upwork.com/jobs/span-class-highlight-span-Voice-Automation-and-Email-Management-Specialist_~022023752649977092589/?referrer_url_path=/nx/search/jobs/,We are seeking an experienced specialist to help us implement AI voice technology for automated email communications. The ideal candidate will have a strong understanding of AI voice integration and e...
2026-02-17T11:52:10.359Z,Python Developer Needed for Construction Bid Automation (Playwright + OpenAI API),$500.00,https://www.upwork.com/jobs/Python-Developer-Needed-for-Construction-Bid-span-class-highlight-Automation-span-Playwright-OpenAI-span-class-highlight-API-span_~022023727165410052099/?referrer_url_path=/nx/search/jobs/,"Project Overview: I own an electrical contracting business (Plugtech LLC) and am looking for a Python developer to build a ""Headless"" automation system. The goal is to scale our government bidding pro..."
2026-02-17T08:25:00.660Z,n8n + HubSpot + Clay + Lusha API Automation Specialist ‚Äî AI Sales Workflow Build,$400.00,https://www.upwork.com/jobs/n8n-HubSpot-Clay-Lusha-API-Automation-Specialist-Sales-Workflow-Build_~022023909756722596262/?referrer_url_path=/nx/search/jobs/,"DESCRIPTION: I'm VP of Sales at a B2B packaging company and need a specialist to build an AI-powered sales automation system on a Mac Mini (self-hosted). This is a focused, well-scoped project with de..."
2026-02-17T08:25:00.280Z,Job Automation Working Demo using OpenClaw,$100.00,https://www.upwork.com/jobs/Job-Automation-Working-Demo-using-span-class-highlight-OpenClaw-span_~022023890329088333217/?referrer_url_path=/nx/search/jobs/,"I am seeking a skilled automation/security engineer to deliver a working demo of OpenClaw automation for job application workflow.  This involves deploying and testing OpenClaw within a secure, isolat..."
2026-02-17T07:55:58.478Z,"Build an AI/ML Automated Outbound Engine: Lead Gen, Enrichment, Messaging, Follow-ups, CRM Sync","$1,500.00",https://www.upwork.com/jobs/Build-span-class-highlight-span-span-class-highlight-Automated-span-Outbound-Engine-Lead-Gen-Enrichment-Messaging-Follow-ups-CRM-Sync_~022023667724333615855/?referrer_url_path=/nx/search/jobs/,"We are hiring a AI automation / RevOps / Sales Automation / ML Engineer to build a complete automated outbound engine that runs with minimal human input. The system should generate leads, find and ver..."
2026-02-17T03:31:33.690Z,Lead Outreach AI Agent Development,$400.00,https://www.upwork.com/jobs/Lead-Outreach-span-class-highlight-span-span-class-highlight-Agent-span-Development_~022023601182434274006/?referrer_url_path=/nx/search/jobs/,"Develop a complete Lead Outreach AI Agent with voice calls, form submissions, and calendar bookings. Integrate GHL CRM and N8N workflow automations to enhance efficiency. The ideal candidate will have..."
2026-02-17T02:58:28.992Z,OpenClaw Agent Install,$150.00,https://www.upwork.com/jobs/OpenClaw-Agent-Install_~022023592858393389782/?referrer_url_path=/nx/search/jobs/,"Setup an instance of OpenClaw on AWS server.    I require an AI assistant to: 1: generate social media content with text and images/videos 2: Post to facebook, insta, tiktok, and twitter on its own 3:..."
2026-02-17T00:35:45.349Z,Make.com Automation Expert Needed for AI Construction Agent Development,"$1,250.00",https://www.upwork.com/jobs/Make-com-Automation-Expert-Needed-for-Construction-Agent-Development_~022023556940188692372/?referrer_url_path=/nx/search/jobs/,"I am a boutique construction firm looking to build a ""Project Coordinator Agent"" using Make.com (formerly Integromat) and the Anthropic Claude API.  I have 5 years of project history (PDFs/Excel) sitt..."
2026-02-16T21:04:58.302Z,Help me build an AI Clawbot,$400.00,https://www.upwork.com/jobs/Help-build-span-class-highlight-span-Clawbot_~022023503894269855747/?referrer_url_path=/nx/search/jobs/,I run a logistics company and am looking to build a clawbot agent to do some quoting work for me.   Looking for someone to guide and build a clawbot agent to do a lot of the groundwork we have on the ...
2026-02-16T20:05:47.838Z,Senior Automation Engineer: GoHighLevel + Make.com + Gemini AI.,"$1,000.00",https://www.upwork.com/jobs/Senior-span-class-highlight-Automation-span-Engineer-GoHighLevel-Make-com-Gemini-span-class-highlight-span_~022023489002593486143/?referrer_url_path=/nx/search/jobs/,"PROJECT OVERVIEW I am seeking a high-level Automation Architect to build a Zero-Search Intelligence Engine for my firm, GrowthPilotPartners. The goal is to automate the enrichment, AI-summarization, a..."
2026-02-16T19:33:00.542Z,AI Prompt Engineer,$800.00,https://www.upwork.com/jobs/Prompt-Engineer_~022023480684948565908/?referrer_url_path=/nx/search/jobs/,Job Overview: About the role: We‚Äôre hiring an AI Prompt Engineer who knows how to turn AI into real operational leverage. ‚Äã‚Äã‚Äã‚Äã‚ÄãThis is not a ‚Äúcasual AI user‚Äù role. We need someone who understands how ...
2026-02-16T19:27:00.887Z,AI and Automation Specialist for Custom Projects,$500.00,https://www.upwork.com/jobs/span-class-highlight-span-and-span-class-highlight-Automation-span-Specialist-for-Custom-Projects_~022023422608963072637/?referrer_url_path=/nx/search/jobs/,We are seeking a skilled technical professional well-versed in AI and automation to join our agency for fulfilling a variety of custom projects. The ideal candidate must possess a strong understanding...
2026-02-16T18:27:00.986Z,Instagram DM Automation Specialist ‚Äì Telegram Notification System,$300.00,https://www.upwork.com/jobs/Instagram-span-class-highlight-Automation-span-Specialist-Telegram-Notification-System_~022023454667877055990/?referrer_url_path=/nx/search/jobs/,We are looking for an automation specialist to build a clean notification system for Instagram DMs.  Current Situation: We run outbound outreach from a personal Instagram (Creator/Business account). A...
2026-02-16T18:25:00.614Z,AI Agents Developer,$800.00,https://www.upwork.com/jobs/Agents-Developer_~022023405705447522846/?referrer_url_path=/nx/search/jobs/,AI Agent Developer - Singapore Location: Remote (Ukraine) | Type: Part-time/Fulltime | Apply: JotForm About the Role Join Mediaverse to transform our creative agency into an AI-powered ecosystem. You'...
2026-02-16T17:45:45.753Z,AI Agent Developer for Lead Qualification & Marketing Automation (Web & Mobile Apps),$740.00,https://www.upwork.com/jobs/span-class-highlight-span-span-class-highlight-Agent-span-Developer-for-Lead-Qualification-amp-Marketing-span-class-highlight-Automation-span-Web-amp-Mobile-Apps_~022023453761475887646/?referrer_url_path=/nx/search/jobs/,"We are seeking a developer to create an AI Agent for web and mobile applications that can interact with inbound leads, ask qualifying questions, and filter high-quality prospects before they reach our..."
2026-02-16T17:11:38.242Z,AI Customer Support Agent Developer Needed for E-Commerce Platform,"$15,000.00",https://www.upwork.com/jobs/span-class-highlight-span-Customer-Support-span-class-highlight-Agent-span-Developer-Needed-for-Commerce-Platform_~022023445173844739391/?referrer_url_path=/nx/search/jobs/,"Project Overview We're seeking an experienced AI developer to build an intelligent customer support agent for our growing e-commerce business. The agent will handle customer inquiries, order tracking,..."
2026-02-16T16:27:00.989Z,AI Operations Specialist & E-commerce Consultant (CS Automation),"$1,200.00",https://www.upwork.com/jobs/span-class-highlight-span-Operations-Specialist-amp-commerce-Consultant-span-class-highlight-Automation-span_~022023421815530779261/?referrer_url_path=/nx/search/jobs/,"We are a growing e-commerce drop shipping brand looking to automate our customer service operations using AI. Currently, we utilize Re:amaze (unintegrated), but we are at a crossroads. We need a speci..."
2026-02-16T15:27:00.922Z,Product Development for AI Communication Enhancement,"$1,000.00",https://www.upwork.com/jobs/Product-Development-for-span-class-highlight-span-Communication-Enhancement_~022023413051508852739/?referrer_url_path=/nx/search/jobs/,"We are seeking a skilled product developer to create an innovative solution aimed at improving the user and AI agent interaction. The goal is to streamline communication processes, thereby reducing bo..."
2026-02-16T15:25:52.735Z,Build a Conversational AI Chatbot,$100.00,https://www.upwork.com/jobs/Build-Conversational-span-class-highlight-span-Chatbot_~022023418558351733373/?referrer_url_path=/nx/search/jobs/,We are seeking a skilled developer to create a Conversational AI Chatbot that can engage users in meaningful dialogue. The chatbot should be capable of understanding natural language inputs and respon...
2026-02-16T14:27:00.089Z,AI Systems Expert Needed - Build AI Workflows + Optimize Sales Systems,"$3,000.00",https://www.upwork.com/jobs/span-class-highlight-span-Systems-Expert-Needed-Build-span-class-highlight-span-Workflows-Optimize-Sales-Systems_~022023393772188871382/?referrer_url_path=/nx/search/jobs/,"We‚Äôre looking for a highly skilled AI Systems Expert to help us build, deploy, and manage AI workflows for our clients. This is a hands-on role for someone who understands both technical AI implementa..."
2026-02-16T13:21:02.958Z,Full-Stack Developer for MVP Website Monitoring and Audit Suite,$600.00,https://www.upwork.com/jobs/Full-Stack-Developer-for-MVP-Website-Monitoring-and-Audit-Suite_~022023387144135474078/?referrer_url_path=/nx/search/jobs/,We are seeking a skilled Full-Stack Developer to create a Minimum Viable Product (MVP) for a website monitoring and audit suite. The ideal candidate will have experience with both front-end and back-e...
2026-02-16T11:28:00.742Z,Demo of implementing our APIs into an example financial solution with claude code (oneshot prompt),$800.00,https://www.upwork.com/jobs/Demo-implementing-our-APIs-into-example-financial-solution-with-claude-code-oneshot-prompt_~022023345199698052415/?referrer_url_path=/nx/search/jobs/,We are looking for a experienced claude code developer that would be able too find a good and modern banking / financial portal.   That portal should have a login solution for a customer so they can l...
2026-02-16T07:53:59.915Z,AI Automation Engineer to Build Document Intake + OCR + LLM Workflow (Legal / Financial Docs),"$8,500.00",https://www.upwork.com/jobs/span-class-highlight-span-span-class-highlight-Automation-span-Engineer-Build-Document-Intake-OCR-LLM-Workflow-Legal-Financial-Docs_~022023304839391968158/?referrer_url_path=/nx/search/jobs/,We are a boutique U.S. immigration law firm that handles high-net-worth client cases involving complex financial documentation (‚Äúsource of funds‚Äù).  We want to build an internal automation workflow (M...
2026-02-16T07:29:15.282Z,Retell AI Voice Agent Dev for Real Estate,$100.00,https://www.upwork.com/jobs/Retell-span-class-highlight-span-Voice-span-class-highlight-Agent-span-Dev-for-Real-Estate_~022023298612101417766/?referrer_url_path=/nx/search/jobs/,"Looking for a developer to build Retell-based AI phone agents for a real estate agency.  1) AI Appointment Setter for Meta Ads - User fills an interest form - 5‚Äì10 minutes later the AI calls, answers ..."
2026-02-16T07:06:08.602Z,AI Automation Setup Specialist Needed,$800.00,https://www.upwork.com/jobs/span-class-highlight-span-span-class-highlight-Automation-span-Setup-Specialist-Needed_~022023292796197625557/?referrer_url_path=/nx/search/jobs/,Job Title: AI Chat Automation & CRM Workflow Specialist (Admin + Call Logging + Data Entry)  Job Description:  We are looking for an experienced AI automation specialist to build and implement an AI c...
2026-02-16T06:45:41.707Z,"Senior Full-Stack Python Developer (Internal Systems, Automation & Emerging AI Workflows)",$500.00,https://www.upwork.com/jobs/Senior-Full-Stack-Python-Developer-Internal-Systems-span-class-highlight-Automation-span-amp-Emerging-span-class-highlight-span-Workflows_~022023287650117967573/?referrer_url_path=/nx/search/jobs/,"Job Description: We‚Äôre looking for a strong full-stack Python developer to help design and build internal systems that support automation, data workflows, and operational infrastructure.  Some of thes..."
2026-02-16T05:08:01.773Z,AI Voice Intake & Automation System ‚Äì Insurance Agencies (GoHighLevel),$500.00,https://www.upwork.com/jobs/span-class-highlight-span-Voice-Intake-amp-span-class-highlight-Automation-span-System-Insurance-Agencies-GoHighLevel_~022023263071873712670/?referrer_url_path=/nx/search/jobs/,PROJECT OVERVIEW  I have already:  ‚Ä¢ Created the sub-account ‚Ä¢ Purchased and connected a phone number ‚Ä¢ Activated Conversation AI Voice ‚Ä¢ Written a basic AI prompt ‚Ä¢ Successfully tested inbound calls ...
2026-02-16T04:38:07.814Z,AI Expert Needed to Develop Prospecting Tool for Retail and Restaurants,$250.00,https://www.upwork.com/jobs/Expert-Needed-Develop-Prospecting-Tool-for-Retail-and-Restaurants_~022023255547387882342/?referrer_url_path=/nx/search/jobs/,We are looking for an AI expert to help us design and build a prospecting tool specifically targeting business owners in the retail and restaurant sectors. The ideal candidate will be well-versed in t...
2026-02-16T02:36:53.697Z,Full Time Role: Experienced Chatbot Builder - Must be based in the Philippines,"$1,200.00",https://www.upwork.com/jobs/Full-Time-Role-Experienced-Chatbot-Builder-Must-based-the-Philippines_~022023225037865261916/?referrer_url_path=/nx/search/jobs/,"Summary Please note: - This is a full-time role (40 hours per week), on a day shift schedule (Philippine time), paying PHP 45,000 ‚Äì 65,000 per month and includes benefits, HMO, etc. - Only applicants ..."
2026-02-16T00:42:12.609Z,Job-Search Automation Setup,$200.00,https://www.upwork.com/jobs/Job-Search-span-class-highlight-Automation-span-Setup_~022023196176137099777/?referrer_url_path=/nx/search/jobs/,"Title: Make.com + Notion Automation Developer (Job Application System, Mobile-First) Description: I‚Äôm looking for an experienced Make.com automation developer to build a mobile-first job application m..."
2026-02-15T23:02:34.926Z,Google Apps Script Developer Needed for Time Card and Payroll System Fix,$150.00,https://www.upwork.com/jobs/Google-Apps-Script-Developer-Needed-for-Time-Card-and-Payroll-System-Fix_~022023171103982575317/?referrer_url_path=/nx/search/jobs/,"I'm looking for an experienced Google Apps Script developer to help troubleshoot and fix an existing project. The script is approximately 8,000 lines and runs within Google Sheets, serving as a time c..."
2026-02-15T21:59:24.742Z,AI Agent Infrastructure & Multi‚ÄëAgent Development,$800.00,https://www.upwork.com/jobs/Agent-Infrastructure-Multi-Agent-Development_~022023155207134051568/?referrer_url_path=/nx/search/jobs/,"AI Agent Infrastructure & Multi‚ÄëAgent Development Budget: Up to $700 (Azure credits available) Overview I am looking for an expert in AI infrastructure, agent frameworks, and secure automation environ..."
2026-02-15T20:10:48.556Z,Livekit Whatsapp AI Agent Development,$200.00,https://www.upwork.com/jobs/Livekit-Whatsapp-span-class-highlight-span-span-class-highlight-Agent-span-Development_~022023127876086827815/?referrer_url_path=/nx/search/jobs/,We are seeking a talented developer to create an AI agent for WhatsApp using Livekit. The ideal candidate will have experience in integrating AI technologies with communication platforms. You will be ...
2026-02-15T15:14:55.797Z,LinkedIn URL to Sales Navigator URL Conversion Specialist,$500.00,https://www.upwork.com/jobs/LinkedIn-URL-Sales-Navigator-URL-Conversion-Specialist_~022023053415437115310/?referrer_url_path=/nx/search/jobs/,We‚Äôre looking for a detail-oriented LinkedIn expert who can convert standard LinkedIn profile URLs into their corresponding LinkedIn Sales Navigator profile links.  This is not scraping emails or lead...
2026-02-15T13:26:52.526Z,Python AI Job Apply Agent (Playwright),$250.00,https://www.upwork.com/jobs/Python-span-class-highlight-span-Job-Apply-span-class-highlight-Agent-span-Playwright_~022023026222699944449/?referrer_url_path=/nx/search/jobs/,I need a Python developer to build a background AI agent for my job platform   One of the developer left in between due to some issues he only did 20% work of opening browser in playwright and opening...
2026-02-15T09:40:20.108Z,Openclaw Ai: Build a Fashion Retail AI Agent ‚Äì Brand & Supplier Tracker,"$1,000.00",https://www.upwork.com/jobs/Openclaw-Build-Fashion-Retail-Agent-Brand-Supplier-Tracker_~022022969212245442959/?referrer_url_path=/nx/search/jobs/,"What I need: A real dev (not a bot) to build me an OpenClaw agent on my Mac‚Äîeverything local, no public exposure, no data leaks. Start with one fashion brand: track new product drops (with photos), cu..."
2026-02-15T08:55:23.985Z,Build AI SEO Content SaaS + Link Partnership Network (Outrank-style),"$3,000.00",https://www.upwork.com/jobs/Build-SEO-Content-SaaS-Link-Partnership-Network-Outrank-style_~022022957904141341173/?referrer_url_path=/nx/search/jobs/,"We are building a set-it-and-forget-it AI SEO platform.   The user connects their site once, configures their niche and brand voice, and the platform runs autonomously: discovering keywords, generatin..."
2026-02-15T07:41:35.988Z,Automated System to Find Newly launched websites,$100.00,https://www.upwork.com/jobs/Automated-System-Find-Newly-launched-span-class-highlight-websites-span_~022022939331457044981/?referrer_url_path=/nx/search/jobs/,I need a developer to build an automated system that identifies newly launched business websites and exports clean leads every day.  The system should:  Detect newly registered domains (daily)  Check ...
2026-02-15T04:17:31.946Z,Golf Tee Time Rate Collection Scraper to Google Sheets,$250.00,https://www.upwork.com/jobs/Golf-Tee-Time-Rate-Collection-span-class-highlight-Scraper-span-Google-Sheets_~022022887976088868389/?referrer_url_path=/nx/search/jobs/,Project Overview  We are looking for a developer to build and manage an ongoing system that collects tee time rates across major Scottsdale golf courses and stores them in a structured Google Sheets d...
2026-02-15T03:52:25.163Z,Web-Based Automation Tool Development for Data Entry,$500.00,https://www.upwork.com/jobs/span-class-highlight-Web-span-Based-Automation-Tool-Development-for-Data-Entry_~022022881656269808308/?referrer_url_path=/nx/search/jobs/,**Job Title: Web Automation Tool Developer**  **Job Overview:** We are looking for a talented developer to design and build a sophisticated web automation tool aimed at optimizing browser-based data e...
2026-02-15T01:26:37.145Z,GeoJSON Polygon Boundaries Creation for Venue Addresses,$100.00,https://www.upwork.com/jobs/GeoJSON-Polygon-Boundaries-Creation-for-Venue-Addresses_~022022844964251522161/?referrer_url_path=/nx/search/jobs/,**Job Title: Freelance GeoJSON Polygon Creator for Venue Addresses**  **Job Overview:** We are seeking a skilled freelancer to generate GeoJSON polygons for a specified list of venue addresses. These ...
2026-02-14T21:04:14.457Z,QA Tester for SaaS Dashboard,$220.00,https://www.upwork.com/jobs/Tester-for-SaaS-Dashboard_~022022778934763868006/?referrer_url_path=/nx/search/jobs/,"We are looking for a detail-oriented QA tester to thoroughly review and test a web-based SaaS dashboard. The platform is already built and functional, but we need a structured and comprehensive testin..."
2026-02-14T20:58:51.688Z,Data Mining Email List - Lead Generation,$200.00,https://www.upwork.com/jobs/Data-Mining-Email-List-Lead-Generation_~022022777580939005798/?referrer_url_path=/nx/search/jobs/,PLEASE READ ENTIRE JOB DESCRIPTION BEFORE PLACING BID  ** NO PLACEHOLDER BIDS PLEASE **  ** IMPORTANT: Do not attempt to contact outside of Upwork ** ** Anyone attempting to contact me outside of Upwo...
2026-02-14T20:05:41.686Z,n8n Architect for AI-Driven Business Acquisition Engine (Scraping + Notion + GPT-4),$200.00,https://www.upwork.com/jobs/n8n-Architect-for-Driven-Business-Acquisition-Engine-Scraping-Notion-GPT_~022022764201015842863/?referrer_url_path=/nx/search/jobs/,"Project Overview: Seeking an automation expert to build a 24/7 Acquisition Engine in n8n. The goal is to identify, audit, and generate outreach for ""owner-financed"" business opportunities across multi..."
2026-02-14T17:15:12.236Z,AI Content Automation Engineer,"$3,000.00",https://www.upwork.com/jobs/Content-span-class-highlight-Automation-span-Engineer_~022022721295470142132/?referrer_url_path=/nx/search/jobs/,We are seeking an AI Content Automation Engineer to develop a content automation system using # Upwork Job Post: Content Automation Engineer  ## Job Title  **AI Content Automation Engineer ‚Äî n8n + Cla...
2026-02-14T16:27:47.735Z,AI Automation Expert Needed: n8n Chat Interface POC for Order Management System,$100.00,https://www.upwork.com/jobs/span-class-highlight-Automation-span-Expert-Needed-n8n-Chat-Interface-POC-for-Order-Management-System_~022022709364727676812/?referrer_url_path=/nx/search/jobs/,I'm seeking an experienced AI automation consultant to build a proof of concept chat interface using n8n for an ordering system. This POC will demonstrate how conversational AI can streamline order ma...
2026-02-14T09:50:31.099Z,DevOps Engineer to Configure OpenClaw (Clawbot) on VPS ‚Äì Docker & Telegram,$100.00,https://www.upwork.com/jobs/DevOps-Engineer-Configure-span-class-highlight-OpenClaw-span-Clawbot-VPS-Docker-amp-Telegram_~022022609386582318859/?referrer_url_path=/nx/search/jobs/,We are seeking a skilled DevOps engineer to set up and configure OpenClaw (Clawbot) on our VPS. The role involves connecting API keys and ensuring seamless integration with Telegram and our domain....
2026-02-14T09:14:02.336Z,Senior Full Stack Engineer (Django + Angular),"$7,000.00",https://www.upwork.com/jobs/Senior-Full-Stack-Engineer-Django-Angular_~022022600206904122436/?referrer_url_path=/nx/search/jobs/,"Senior Full Stack (Django + Angular | Upwork Tracker Only)  Important: This is a full-time, exclusive position for someone with experience in high workload (extending 3-4 apps simultaneuously)  We are..."
2026-02-13T22:19:29.601Z,OpenClaw Setup on Digital Ocean,$200.00,https://www.upwork.com/jobs/span-class-highlight-OpenClaw-span-Setup-Digital-Ocean_~022022435484470868176/?referrer_url_path=/nx/search/jobs/,I need help setting up OpenClaw on Digital Ocean with the following specific features including:  Access: -  terminal access to openclaw chat interface - Digital Ocean console access to open claw chat...
2026-02-13T10:04:11.792Z,Claude Automation Specialist,$200.00,https://www.upwork.com/jobs/Claude-Automation-Specialist_~022022250441051593600/?referrer_url_path=/nx/search/jobs/,We are a forward-thinking Accounting and Fractional CFO firm on a mission to move beyond manual data entry and basic spreadsheets. We want to leverage the power of Anthropic‚Äôs Claude (specifically Cla...
2026-02-13T08:51:17.265Z,OpenClaw AI Specialist - SMS & Voice Automation for Appointment Booking,$100.00,https://www.upwork.com/jobs/OpenClaw-Specialist-SMS-Voice-Automation-for-Appointment-Booking_~022022232093111551380/?referrer_url_path=/nx/search/jobs/,"We are looking for a highly experienced OpenClaw AI specialist to build and manage a fully automated inbound lead follow-up system using OpenClaw.  This is not a beginner role, you must already have h..."
2026-02-13T02:27:38.225Z,AI Engineer to Build Claude‚ÄëDriven Design Automation Platform,"$5,000.00",https://www.upwork.com/jobs/Engineer-Build-Claude-Driven-Design-Automation-Platform_~022022135544244052960/?referrer_url_path=/nx/search/jobs/,We are a performance marketing agency building an internal platform to automate advertising banner design in Figma. The goal is to combine Anthropic Claude Skills with Figma‚Äôs Model Context Protocol (...
2026-02-12T14:30:50.372Z,Setup Claude Cowork for Email and WhatsApp Integration,$150.00,https://www.upwork.com/jobs/Setup-Claude-Cowork-for-Email-and-WhatsApp-Integration_~022021955155927172500/?referrer_url_path=/nx/search/jobs/,"We are looking for a skilled freelancer to help set up Claude Cowork to efficiently pull emails, microsoft teams, plaude note and WhatsApp messages. The integration should facilitate the output of rel..."
2026-02-08T03:51:17.208Z,Build Canada AI Platform for a training provider with higher leads generation and converstion,"$9,999.00",https://www.upwork.com/jobs/Build-Canada-Platform-for-training-provider-with-higher-leads-generation-and-converstion_~022020344656347611660/?referrer_url_path=/nx/search/jobs/,"Build the ""OpenClaw AI"" or AI employee team Platform for a Training Provider  Project Description We are a successful, established Canada-based tech & arts training provider with modern physical labs,..."
2026-02-08T00:31:48.744Z,Need a coder to help me install openclaw here at home,$200.00,https://www.upwork.com/jobs/Need-coder-help-install-span-class-highlight-openclaw-span-here-home_~022020294457079714934/?referrer_url_path=/nx/search/jobs/,hi I need help with basic coding. i want to put open claw on my mac and my windows  I am a public figure here in the philippines. requesting for a house visit to fix this issue for me...
2026-02-07T00:49:43.517Z,OpenClaw & Claude Code Specialist - AI Agent Infrastructure Startup,"$4,000.00",https://www.upwork.com/jobs/span-class-highlight-OpenClaw-span-amp-Claude-Code-Specialist-Agent-Infrastructure-Startup_~022019936577087132423/?referrer_url_path=/nx/search/jobs/,üöÄ The Opportunity We're launching in the rapidly growing AI agent infrastructure space and need a technical specialist with deep OpenClaw and Claude Code expertise. 3-4 week funded sprint to launch.  ...
2026-02-06T12:30:44.808Z,"Docker / DevOps Engineer ‚Äì Secure Multi-Container Setup on a Single VPS (No SaaS, No Frontend)",$200.00,https://www.upwork.com/jobs/Docker-DevOps-Engineer-Secure-Multi-Container-Setup-Single-VPS-SaaS-Frontend_~022019750606864409590/?referrer_url_path=/nx/search/jobs/,"I‚Äôm looking for an experienced Docker / DevOps engineer to set up a simple, secure, low-cost container environment on a single Ubuntu VPS.  This project is infrastructure-only.  No SaaS app   No front..."
2026-02-05T15:34:59.066Z,Set Up Secure Multi‚ÄëAgent OpenClaw/Clawdbot System on My VPS (No Access to My API Keys),$200.00,https://www.upwork.com/jobs/Set-Secure-Multi-Agent-span-class-highlight-OpenClaw-span-Clawdbot-System-VPS-Access-API-Keys_~022019434584018530249/?referrer_url_path=/nx/search/jobs/,"I‚Äôm looking for an experienced engineer or technical VA who has actually set up OpenClaw / Moltbot / Clawdbot (or similar agent frameworks) to configure a secure, multi‚Äëagent ‚ÄúAI team‚Äù on my existing ..."
2026-02-05T14:23:57.771Z,Senior AI Automation Developer Needed ‚Äì Build a Fully Automated YouTube + OpenClaw + Claude Workflow,"$1,500.00",https://www.upwork.com/jobs/Senior-Automation-Developer-Needed-Build-Fully-Automated-YouTube-span-class-highlight-OpenClaw-span-Claude-Workflow_~022019416710927952500/?referrer_url_path=/nx/search/jobs/,Senior AI Automation Developer Needed ‚Äì Build a Fully Automated YouTube + OpenClaw + Claude Workflow  Job Overview  We are looking for a highly experienced AI automation developer to architect and dep...
